product_file_id,file_name,file,file_reg_date,product_id,check2_image_id
25,9122.jpg,product_files/9122.jpg,2024-08-28 03:05:59.670096,27,
27,img1_3Xxdhsx.jpg,product_files/img1_3Xxdhsx.jpg,2024-08-28 06:10:23.195513,29,
28,img2.jpg,product_files/img2.jpg,2024-08-28 06:45:43.267376,30,
29,img3_uGgtaOw.jpg,product_files/img3_uGgtaOw.jpg,2024-08-28 07:09:27.773673,31,
30,img4.jpg,product_files/img4.jpg,2024-08-28 07:17:36.593154,32,
31,img1_n2B8lBH.jpg,product_files/img1_n2B8lBH.jpg,2024-08-28 07:19:25.967500,33,
32,img2_pq92Rf9.jpg,product_files/img2_pq92Rf9.jpg,2024-08-28 07:20:33.333971,34,
33,img3_fQkANPk.jpg,product_files/img3_fQkANPk.jpg,2024-08-28 07:21:10.757501,35,
34,img4_PbbyIam.jpg,product_files/img4_PbbyIam.jpg,2024-08-28 07:22:05.541936,36,
35,img5.jpg,product_files/img5.jpg,2024-08-28 07:26:29.104048,37,
36,img6_L9Lc4gk.jpg,product_files/img6_L9Lc4gk.jpg,2024-08-28 07:27:56.058659,38,
37,img7.jpg,product_files/img7.jpg,2024-08-28 07:28:44.236979,39,
39,img9_0NrrGj5.jpg,product_files/img9_0NrrGj5.jpg,2024-08-28 07:30:51.409206,41,
41,img10_mewYvS9.jpg,product_files/img10_mewYvS9.jpg,2024-08-28 07:33:58.180134,43,
42,img3_bo3hrsW.jpg,product_files/img3_bo3hrsW.jpg,2024-08-28 07:34:48.811549,44,
43,img4_f0x2N4e.jpg,product_files/img4_f0x2N4e.jpg,2024-08-28 07:35:36.213495,45,
44,img5_bzblvh4.jpg,product_files/img5_bzblvh4.jpg,2024-08-28 07:36:11.493529,46,
46,img9_wPgm2HS.jpg,product_files/img9_wPgm2HS.jpg,2024-08-28 07:44:48.374737,48,
48,img25.jpg,product_files/img25.jpg,2024-08-28 07:52:32.876753,50,
49,img29.jpg,product_files/img29.jpg,2024-08-28 07:53:14.019275,51,
50,img31.jpg,product_files/img31.jpg,2024-08-28 07:57:34.177844,52,
51,img33.jpg,product_files/img33.jpg,2024-08-28 08:00:31.108688,53,
52,img34.jpg,product_files/img34.jpg,2024-08-28 08:01:47.033030,54,
53,img37.jpg,product_files/img37.jpg,2024-08-28 08:02:25.844375,55,
54,img39.jpg,product_files/img39.jpg,2024-08-28 08:04:31.557835,56,
55,img41.jpg,product_files/img41.jpg,2024-08-28 08:23:17.658800,57,
57,img44.jpg,product_files/img44.jpg,2024-08-28 08:25:06.012261,59,
58,img45.jpg,product_files/img45.jpg,2024-08-28 08:25:38.409574,60,
59,img46_TrNCkcm.jpg,product_files/img46_TrNCkcm.jpg,2024-08-28 08:28:56.909473,61,
60,img2_yydLA23.jpg,product_files/img2_yydLA23.jpg,2024-08-28 08:40:46.297127,62,
61,img10_e8Uil01.jpg,product_files/img10_e8Uil01.jpg,2024-08-28 08:41:23.721479,63,
62,img12.jpg,product_files/img12.jpg,2024-08-28 08:42:01.843804,64,
63,img13.jpg,product_files/img13.jpg,2024-08-28 08:42:57.546355,65,
64,img15.jpg,product_files/img15.jpg,2024-08-28 08:43:42.025564,66,
65,img16_3iVU11x.jpg,product_files/img16_3iVU11x.jpg,2024-08-28 08:44:53.205980,67,
66,img17.jpg,product_files/img17.jpg,2024-08-28 08:45:29.949346,68,
67,img18.jpg,product_files/img18.jpg,2024-08-28 08:46:10.962073,69,
68,img22.jpg,product_files/img22.jpg,2024-08-28 08:46:38.570698,70,
69,img23.jpg,product_files/img23.jpg,2024-08-28 08:47:19.289511,71,
70,img24.jpg,product_files/img24.jpg,2024-08-28 08:47:53.267281,72,
71,img1_LTSZfQP.jpg,product_files/img1_LTSZfQP.jpg,2024-08-28 08:49:04.972110,73,
72,img2_pn3cjHK.jpg,product_files/img2_pn3cjHK.jpg,2024-08-28 08:50:13.491013,74,
73,img3_ldRWUft.jpg,product_files/img3_ldRWUft.jpg,2024-08-28 08:50:53.832783,75,
74,img5_kpZJbBn.jpg,product_files/img5_kpZJbBn.jpg,2024-08-28 09:36:34.790140,76,
75,img6_wD2DblG.jpg,product_files/img6_wD2DblG.jpg,2024-08-28 09:37:26.873344,77,
76,img7_WDglE8E.jpg,product_files/img7_WDglE8E.jpg,2024-08-28 09:37:59.675235,78,
77,img8_Dg6ZAA3.jpg,product_files/img8_Dg6ZAA3.jpg,2024-08-28 09:38:36.444050,79,
78,img9_1L2jXgi.jpg,product_files/img9_1L2jXgi.jpg,2024-08-28 09:39:17.766695,80,
79,img10_auPUROm.jpg,product_files/img10_auPUROm.jpg,2024-08-28 09:40:04.987071,81,
80,img9_FICr3ga.jpg,product_files/img9_FICr3ga.jpg,2024-08-28 09:41:30.721634,82,
81,img1_raNwRjx.jpg,product_files/img1_raNwRjx.jpg,2024-08-28 09:42:25.362804,83,
82,img2_aM6Vnuq.jpg,product_files/img2_aM6Vnuq.jpg,2024-08-28 09:43:16.572358,84,
83,img3_U6Od1Gu.jpg,product_files/img3_U6Od1Gu.jpg,2024-08-28 09:43:53.583587,85,
84,img4_j9QSvDu.jpg,product_files/img4_j9QSvDu.jpg,2024-08-28 09:44:39.721074,86,
85,img5_G7WnQZD.jpg,product_files/img5_G7WnQZD.jpg,2024-08-28 09:45:35.716627,87,
86,img6_NJhnRHJ.jpg,product_files/img6_NJhnRHJ.jpg,2024-08-28 09:46:13.697145,88,
87,img7_5X7TIeT.jpg,product_files/img7_5X7TIeT.jpg,2024-08-28 09:46:58.248018,89,
88,img8_XyQQL0L.jpg,product_files/img8_XyQQL0L.jpg,2024-08-28 09:47:44.798491,90,
89,img10_ugQldHB.jpg,product_files/img10_ugQldHB.jpg,2024-08-28 09:49:01.683694,91,
90,img3_kKnsVZ0.jpg,product_files/img3_kKnsVZ0.jpg,2024-08-28 09:50:06.850281,92,
91,img4_L7i9tjq.jpg,product_files/img4_L7i9tjq.jpg,2024-08-28 09:50:51.568020,93,
92,img6_A7F40Og.jpg,product_files/img6_A7F40Og.jpg,2024-08-28 09:51:27.515294,94,
93,img5_rCJ0IQa.jpg,product_files/img5_rCJ0IQa.jpg,2024-08-28 09:52:12.317318,95,
94,img7_7rx5yew.jpg,product_files/img7_7rx5yew.jpg,2024-08-28 09:53:08.509353,96,
95,img9_LxFpoO2.jpg,product_files/img9_LxFpoO2.jpg,2024-08-28 09:53:44.639491,97,
96,img27.jpg,product_files/img27.jpg,2024-08-28 09:54:47.253438,98,
97,img28.jpg,product_files/img28.jpg,2024-08-28 09:55:25.751874,99,
98,img29_Xjh3h5q.jpg,product_files/img29_Xjh3h5q.jpg,2024-08-28 09:56:06.998769,100,
99,img30.jpg,product_files/img30.jpg,2024-08-28 09:56:51.895441,101,
100,img31_4fHaiBs.jpg,product_files/img31_4fHaiBs.jpg,2024-08-28 09:57:25.216171,102,
101,img32.jpg,product_files/img32.jpg,2024-08-28 09:57:59.912420,103,
102,img33_IQEcUDA.jpg,product_files/img33_IQEcUDA.jpg,2024-08-28 09:58:51.441379,104,
103,img34_DwLivCQ.jpg,product_files/img34_DwLivCQ.jpg,2024-08-28 09:59:32.451534,105,
104,img35.jpg,product_files/img35.jpg,2024-08-28 10:00:07.065222,106,
105,img36.jpg,product_files/img36.jpg,2024-08-28 10:00:52.416615,107,
106,img37_GhuoWHk.jpg,product_files/img37_GhuoWHk.jpg,2024-08-28 10:01:29.199358,108,
108,img39_3JjlEeF.jpg,product_files/img39_3JjlEeF.jpg,2024-08-28 10:02:52.421472,110,
109,img40.jpg,product_files/img40.jpg,2024-08-28 10:03:23.241023,111,
110,img41_Y49utvV.jpg,product_files/img41_Y49utvV.jpg,2024-08-28 10:04:10.398580,112,
111,img42.jpg,product_files/img42.jpg,2024-08-28 10:04:52.432326,113,
113,img44_4ySsyLh.jpg,product_files/img44_4ySsyLh.jpg,2024-08-28 10:06:10.835231,115,
114,img45_lTcOsCh.jpg,product_files/img45_lTcOsCh.jpg,2024-08-28 10:06:49.446533,116,
115,img1_T1709P2.jpg,product_files/img1_T1709P2.jpg,2024-08-28 10:07:30.887703,117,
116,img2_mfIwD5v.jpg,product_files/img2_mfIwD5v.jpg,2024-08-28 10:08:09.321072,118,
117,img10_3PwjSyt.jpg,product_files/img10_3PwjSyt.jpg,2024-08-28 10:08:51.674923,119,
118,img11.jpg,product_files/img11.jpg,2024-08-28 10:09:30.853207,120,
119,img12_VoaokfB.jpg,product_files/img12_VoaokfB.jpg,2024-08-28 10:10:14.058248,121,
120,img13_vp60nGH.jpg,product_files/img13_vp60nGH.jpg,2024-08-28 10:11:18.420026,122,
121,img14.jpg,product_files/img14.jpg,2024-08-28 10:12:17.821280,123,
122,img15_8qj5rTD.jpg,product_files/img15_8qj5rTD.jpg,2024-08-28 10:13:10.240522,124,
123,img16_Gra120Q.jpg,product_files/img16_Gra120Q.jpg,2024-08-28 10:13:45.427111,125,
124,img17_aguL0C8.jpg,product_files/img17_aguL0C8.jpg,2024-08-28 10:14:30.648322,126,
125,img18_5IcSnWY.jpg,product_files/img18_5IcSnWY.jpg,2024-08-28 10:15:12.365086,127,
126,img19.jpg,product_files/img19.jpg,2024-08-28 10:15:44.692392,128,
127,img20.jpg,product_files/img20.jpg,2024-08-28 10:16:22.582228,129,
128,img21.jpg,product_files/img21.jpg,2024-08-28 10:16:54.735307,130,
129,img22_HbL63Hp.jpg,product_files/img22_HbL63Hp.jpg,2024-08-28 10:17:32.799943,131,
130,img23_fqUxIBO.jpg,product_files/img23_fqUxIBO.jpg,2024-08-28 10:17:59.824933,132,
131,img24_6tPddVX.jpg,product_files/img24_6tPddVX.jpg,2024-08-28 10:18:26.376871,133,
132,img25_vosy9Bf.jpg,product_files/img25_vosy9Bf.jpg,2024-08-28 10:19:00.340677,134,
133,img26.jpg,product_files/img26.jpg,2024-08-28 10:19:41.359568,135,
134,img3_89ZAnQZ.jpg,product_files/img3_89ZAnQZ.jpg,2024-08-28 10:20:33.448501,136,
135,img4_0MaaOw2.jpg,product_files/img4_0MaaOw2.jpg,2024-08-28 10:21:10.123394,137,
136,img5_6HPdmrq.jpg,product_files/img5_6HPdmrq.jpg,2024-08-28 10:21:39.355347,138,
137,img6_77aximv.jpg,product_files/img6_77aximv.jpg,2024-08-28 10:22:10.368070,139,
138,img7_frC9OYV.jpg,product_files/img7_frC9OYV.jpg,2024-08-28 10:22:50.392481,140,
139,img8_JF8k6o2.jpg,product_files/img8_JF8k6o2.jpg,2024-08-28 10:23:22.868957,141,
140,img9_j7HLa7c.jpg,product_files/img9_j7HLa7c.jpg,2024-08-28 10:23:59.044815,142,
141,img21_OzzR4A0.jpg,product_files/img21_OzzR4A0.jpg,2024-08-28 10:24:30.352034,143,
142,img22_u81sdbM.jpg,product_files/img22_u81sdbM.jpg,2024-08-28 10:25:06.717400,144,
143,img23_1PCGfr0.jpg,product_files/img23_1PCGfr0.jpg,2024-08-28 10:25:41.012194,145,
144,img24_FnO9lVE.jpg,product_files/img24_FnO9lVE.jpg,2024-08-28 10:26:11.014554,146,
145,img25_7TdcGc8.jpg,product_files/img25_7TdcGc8.jpg,2024-08-28 10:26:42.476915,147,
146,img26_UVBsy8o.jpg,product_files/img26_UVBsy8o.jpg,2024-08-28 10:27:16.721409,148,
147,img27_eynU0Xw.jpg,product_files/img27_eynU0Xw.jpg,2024-08-28 10:28:19.728747,149,
148,img28_msDDx3p.jpg,product_files/img28_msDDx3p.jpg,2024-08-28 10:29:32.423606,150,
149,img29_F7gs21m.jpg,product_files/img29_F7gs21m.jpg,2024-08-28 10:30:04.640279,151,
150,img30_j4HPiTY.jpg,product_files/img30_j4HPiTY.jpg,2024-08-28 10:30:38.876943,152,
151,img1_Bt7EcK4.jpg,product_files/img1_Bt7EcK4.jpg,2024-08-28 10:31:11.820285,153,
152,img2_Ke44JbX.jpg,product_files/img2_Ke44JbX.jpg,2024-08-28 10:31:56.879873,154,
153,img10_LisElmX.jpg,product_files/img10_LisElmX.jpg,2024-08-28 10:32:39.552505,155,
154,img11_oR91KGK.jpg,product_files/img11_oR91KGK.jpg,2024-08-28 10:33:19.539713,156,
155,img13_4YrkEQX.jpg,product_files/img13_4YrkEQX.jpg,2024-08-28 10:33:50.344165,157,
157,img15_It144Yf.jpg,product_files/img15_It144Yf.jpg,2024-08-28 10:34:53.142412,159,
158,img16_Lcg8sJd.jpg,product_files/img16_Lcg8sJd.jpg,2024-08-28 10:35:27.843744,160,
159,img17_xbK6HgY.jpg,product_files/img17_xbK6HgY.jpg,2024-08-28 10:36:04.245742,161,
160,img18_ixdZm8S.jpg,product_files/img18_ixdZm8S.jpg,2024-08-28 10:36:35.637743,162,
161,img19_Zcq2oak.jpg,product_files/img19_Zcq2oak.jpg,2024-08-28 10:37:09.174242,163,
162,img20_44oyj9T.jpg,product_files/img20_44oyj9T.jpg,2024-08-28 10:37:39.106418,164,
163,img31_dLtC6Sz.jpg,product_files/img31_dLtC6Sz.jpg,2024-08-28 10:45:21.027497,172,
164,img1_9zcqZoc.jpg,product_files/img1_9zcqZoc.jpg,2024-08-28 10:47:40.839356,173,
165,img2_SR4TUOw.jpg,product_files/img2_SR4TUOw.jpg,2024-08-28 10:48:16.707330,174,
166,img3_ybWal2x.jpg,product_files/img3_ybWal2x.jpg,2024-08-28 10:48:55.141651,175,
167,img4_yMSXWvE.jpg,product_files/img4_yMSXWvE.jpg,2024-08-28 10:49:19.300426,176,
168,img5_39HLl44.jpg,product_files/img5_39HLl44.jpg,2024-08-28 10:49:45.694737,177,
169,img6_OcvGgau.jpg,product_files/img6_OcvGgau.jpg,2024-08-28 10:50:11.044577,178,
170,img7_YgaXn53.jpg,product_files/img7_YgaXn53.jpg,2024-08-28 10:50:45.441328,179,
171,img8_jyow55m.jpg,product_files/img8_jyow55m.jpg,2024-08-28 10:51:12.122591,180,
172,img9_5MqZa19.jpg,product_files/img9_5MqZa19.jpg,2024-08-28 10:51:42.078387,181,
173,img10_lz7ynUD.jpg,product_files/img10_lz7ynUD.jpg,2024-08-28 10:52:12.638656,182,
175,img1_2ivFUh6.jpg,product_files/img1_2ivFUh6.jpg,2024-08-28 11:02:36.111428,185,254
176,img2_4RiRfnm.jpg,product_files/img2_4RiRfnm.jpg,2024-08-28 11:03:55.717238,186,255
177,img3_uNipE2i.jpg,product_files/img3_uNipE2i_wHpsmiN.jpg,2024-08-28 11:05:06.287679,187,
